步骤编号,标题,操作说明,详细讲解文本,汇总文本
1,时域与频域的基本概念,"操作说明：\n1. 先看左上图——单一频率正弦波 f(t)=sin(2πt)，注意横轴是时间(秒)\n2. 看右上图——频域中仅在 f=1Hz 处有一根谱线，横轴是频率(Hz)\n3. 再看左下图——三个正弦波叠加的复杂波形（类比钢琴和弦）\n4. 最后看右下图——频谱清晰显示三根谱线（440, 880, 1320 Hz）\n5. 核心启示：时域中复杂的波形，在频域中可能只是几个简单频率的叠加",傅里叶变换原理\n\n傅里叶变换的发现可追溯到19世纪初，法国数学家傅里叶在推导\n热传导偏微分方程时，提出一个革命性的想法：任何函数（包括不\n连续的函数），只要满足一定条件，都可以表示为无穷多个正弦和\n余弦函数的叠加。也就是说，时域函数 f(t) 可以用频率域函数\nF(ω) 来表示，二者的信息完全相同，只是描述形式不同，其变换\n关系 f(t) ↔ F(ω) 即为傅里叶变换。\n\n本页通过2×2的四宫格布局直观对比时域和频域两种表示方式。\n\n左上图——单一频率正弦波（时域）：\n纯净的 sin(2πt) 信号，频率为 1 Hz。时域描述回答的问题是：\n信号在每一时刻的瞬时值是多少？\n\n右上图——单一频率的频谱（频域）：\n在 f = 1 Hz 处出现一根红色竖线（stem图）。频域描述回答的\n问题是：信号包含哪些频率成分，各自强度如何？对于单一频率\n的正弦波，频域表示远比时域表示简洁——一条谱线即可完整描述。\n\n左下图——复杂波形（类比音乐和弦）：\n由三个正弦波叠加：A4=440Hz + A5=880Hz + E6=1320Hz，\n恰好构成一个大调和弦。波形已经相当复杂，凭肉眼无法分辨\n其中的频率成分。\n\n右下图——复杂波形的频谱：\n三根品红色竖线精确对应三个频率，谱线高度 = 振幅。\n时域中复杂的波形，在频域中变得一目了然。\n\n物理意义：复合波与谐波（组成复合波的各个单频率正弦波）之间\n存在变换关系。生活中这种变换大量存在：白色阳光在小水滴折射\n下形成七色彩虹；无数个单调的声波可组合形成钢琴的美妙音色。,核心要点：\n• 傅里叶变换的物理意义：复合波（时域）与谐波（频域）之间的变换关系 f(t) ↔ F(ω)\n• 时域：描述信号幅度随时间的变化，横轴为时间（秒）\n• 频域：将信号分解为不同频率的正弦波成分，横轴为频率（Hz）\n• 左上图——单一频率正弦波（时域），右上方为其频谱（一根谱线）\n• 左下图——三个正弦波的叠加（模拟音乐和弦），右下方为其频谱（三根谱线）\n• 本质：任何复杂波形都可分解为简单正弦波的加权和\n• 生活类比：白色阳光经水滴折射形成七色彩虹，单调声波组合成钢琴音色
2,傅里叶级数：正弦波叠加逼近方波,操作说明：\n1. 从左到右观察上方三个子图：谐波数量增加→逼近效果改善\n2. 左侧子图（仅基波）只有一条正弦曲线——与方波的平坦平台差距很大\n3. 中间子图加入3次谐波 sin(3t)/3，平台开始成形\n4. 右侧子图加入5次谐波，跳变处出现轻微过冲（吉布斯现象的萌芽）\n5. 重点看下方3D图——X轴时间、Y轴谐波阶数、Z轴振幅，同时展示时域和频谱\n6. 3D图左侧灰色面是频谱图，蓝色竖线 = 振幅 4/(πn)，灰色点为偶次谐波（振幅=0）\n7. 点击下方按钮可启动两种动画演示,"方波的傅里叶级数\n\n傅里叶的观点在当时极具争议。拉格朗日坚决反对，认为并非所有\n函数都能展开为三角级数，尤其像方波这样的不连续函数。结论是\n两人都部分正确：在特定的数学收敛意义下，方波可以通过正余弦\n函数的无穷叠加达到「无限接近」，即傅里叶级数（Fourier Series，\nFS），但不能在所有点上与方波「完全一致」。这种不完全一致\n并非缺陷，而是方波函数的不连续性和三角函数的光滑性之间的\n本质差异决定的。\n\n以奇对称的标准方波（周期-π~π，振幅±1）为例，级数如公式1：\n  f(t) = (4/π)[sin(t) + sin(3t)/3 + sin(5t)/5 + …]\n       = (4/π) Σ(n=1,3,5…∞) sin(nt)/n\n\n上方三个子图——渐进叠加：\n• 左侧：仅基波 sin(t)，已大致勾勒方波轮廓，但平坦部分呈弧线\n• 中间：基波+3次谐波，平台开始成形，跳变处更陡\n• 右侧：基波+3次+5次，相当接近方波，出现轻微过冲\n\n下方3D视图：\nX轴=时间（-π/2~3π/2），Y轴=谐波阶数n（1~9），Z轴=振幅。\n彩色曲线=各奇次谐波波形，黑色粗线=最终叠加结果（含9次以内\n所有奇次谐波），红色虚线=理想方波。偶次谐波位置为灰色水平\n线——振幅全为零（奇对称信号的特征）。\n\n在几何上，这相当于多个特定大小的圆、以特定频率、作逆时针\n联动旋转运动的y轴投影。点击下方按钮可动态观察此过程。","核心要点：\n• 傅里叶定理：任何周期函数都可表示为正弦/余弦波的无穷级数\n• 方波的傅里叶级数（公式1）：f(t) = (4/π) Σ(n=1,3,5…) sin(nt)/n\n• 谐波：频率为基波整数倍的正弦波分量，方波仅含奇次谐波\n• 振幅按 1/n 递减，偶次谐波振幅为零（奇对称函数的特征）\n• 上方3个子图展示渐进逼近，下方3D图同时呈现时域波形与频谱\n• 拉格朗日与傅里叶争论的核心：不连续函数能否用光滑函数精确表达\n• 几何意义：多个特定大小的圆以特定频率联动旋转的y轴投影"
3,谐波叠加的收敛过程与吉布斯现象,"操作说明：\n1. 从左到右、从上到下依次看6个子图（N=1, 3, 5, 7, 15, 50）\n2. 观察蓝色曲线（近似）与红色虚线（理想方波）的差距变化\n3. N=1时差距巨大，N=7时已相当接近\n4. 关键发现：N≥7后，跳变点附近的过冲高度几乎不变！\n5. 对比N=15和N=50：过冲幅度相同（约9%），但宽度变小\n6. 提问：取无穷多个谐波，能得到完美的方波吗？\n   答案：除间断点外处处收敛，间断点处永远有约9%的过冲","谐波叠加的收敛过程与吉布斯现象\n\n本页用6个子图展示 N=1,3,5,7,15,50 个奇次谐波逼近方波的效果。\n\n各子图分析：\n• N=1（仅基波）：只有 sin(t)，与方波差距巨大——说明高频谐波\n  对塑造方波的棱角至关重要\n• N=3（+3次+5次）：平台开始出现，跳变处更陡\n• N=5（+7次+9次）：平台更宽更平，开始辨认出方波特征\n• N=7：近似效果已相当好，跳变点附近首次清晰观察到吉布斯过冲\n• N=15：平台近乎完美平坦，过冲幅度仍约9%——几乎无变化！\n• N=50：视觉上几乎无法区分，过冲依然存在但宽度大大缩小\n\n吉布斯现象的深入理解：\n1. 物理原因：方波含有间断点（跳变），傅里叶级数是一组连续光滑\n   函数（正弦波）的叠加。用光滑函数逼近间断函数，在间断点附近\n   必然出现波动。\n2. 数学本质：傅里叶级数在间断点处是条件收敛而非绝对收敛——\n   这与拉格朗日的质疑相呼应。\n3. 量化特征：过冲幅度约为跳变幅度（方波中为2）的9%，即约0.18。\n   该值与谐波数量N无关，但过冲宽度随N增大而趋于零。\n4. 实际意义：在JPEG图像压缩和MRI重建中，用有限阶傅里叶级数\n   重建含跳变的信号时，跳变附近总会出现振铃（ringing）现象。","核心要点：\n• 展示N=1,3,5,7,15,50个奇次谐波对方波的逼近效果\n• 谐波越多，逼近越好（除间断点外处处收敛）\n• 吉布斯现象（Gibbs Phenomenon）：跳变点附近始终存在约9%的过冲\n• 即使N→∞，过冲幅度不变——用光滑函数逼近间断函数的必然结果\n• 过冲宽度随N增大而趋于零\n• 教学意义：理解条件收敛与一致收敛的区别\n• 实际表现：JPEG边界振铃、MRI重建伪影等现象的数学根源"
4,信号的频率、振幅、相位,"操作说明：\n1. 先看子图1——同一正弦波取不同相位（0, π/2, π），波形如何平移与翻转\n2. 看子图2——两组信号频率成分和振幅相同，但相位组合不同，导致波形完全不同\n3. 对比子图3和4：正弦展开 b_n vs 余弦展开 |a_n| 的振幅谱\n   余弦展开红色stem = 负系数，对应相位=π\n4. 对比子图5和6：正弦展开相位全为0（极简），余弦展开相位有0有π\n5. 看子图7和8：两种展开合成的时域波形完全相同——两种基函数展开是等价的\n6. 核心概念：频率组成+振幅+相位 = 构成信号的三大要素","信号的频率、振幅、相位\n\n从公式1可看出，标准奇对称方波的傅里叶级数仅包含正弦项，\n相位固定为0或π，其频谱是离散的、仅出现在基频的奇数倍频处，\n且振幅随频率增加以 1/n 的规律递减。这些分量的相对幅度和相位\n决定了时域波形的形状。频率组成、振幅、相位是构成信号的三大\n要素。\n\n第一层——相位概念入门（子图1-2）：\n子图1：sin(θ+0)=蓝色，sin(θ+π/2)=cosθ=红色虚线，\nsin(θ+π)=-sinθ=绿色点线。相位改变不改变波形形状和频率，\n只改变时间偏移。\n\n子图2：信号A=1.0·sin(1t+0)+0.5·sin(3t+π/4)，\n信号B=1.0·sin(1t+π/2)+0.5·sin(3t+0)。频率成分和振幅完全\n相同，但因相位组合不同，时域波形截然不同！\n\n第二层——正弦展开 vs 余弦展开（子图3-6）：\n将方波在时间轴上平移π/2（T/4），可得到偶对称方波（公式2）：\n  g(t) = (4/π)[cos(t) - cos(3t)/3 + cos(5t)/5 - …]\n       = (4/π) Σ(n=1,3,5…) (-1)^((n-1)/2)·cos(nt)/n\n\n信号的这种相位调整不影响频谱的幅度分布，但会改变各频率分量\n在时间轴上的相对起始位置——这一特性在脉冲序列设计中极为关键。\n\n子图3-4：正弦展开（b_n 全为正，极简）vs 余弦展开（a_n 正负\n交替，负系数相位=π），振幅谱展示方式不同，但信息等价。\n子图5-6：正弦展开相位全为0，余弦展开相位出现π。\n\n第三层——时域验证（子图7-8）：两种展开合成的时域波形完全\n等价，验证了振幅谱+相位谱信息的完整性。",核心要点：\n• 完整频谱信息 = 振幅谱 + 相位谱，缺失任何一半都无法重建信号\n• 频率组成+振幅+相位 = 构成信号的三大要素\n• 相位改变不影响频谱的幅度分布，但改变各频率分量在时间轴上的起始位置\n• 相位调整在脉冲序列设计中极为关键\n• 方波正弦展开（公式1，奇对称）：系数全正，相位极简（0或π）\n• 方波余弦展开（公式2，偶对称）：平移T/4后，系数正负交替\n• 同一信号用不同基函数展开，振幅/相位表现不同，但时域合成结果等价
5,欧拉公式与旋转向量,操作说明：\n1. 左侧图——观察复平面上的彩色箭头（正频率 e^{+iθ}），从原点指向单位圆\n2. 注意虚线箭头——负频率 e^{-iθ}，顺时针旋转\n3. 右侧绿色曲线：sinθ投影——绿色虚线=负频率 sin(-θ)=-sinθ\n4. 上方/下方橙色曲线：cosθ投影——正负频率的cosθ完全相同！\n5. 右侧3D图——蓝色螺旋线是 e^{+iθ} 在三维空间的轨迹\n6. 找到橙色投影面（y=2）和绿色投影面（x=-2）——螺旋线投影=三角函数曲线\n7. 核心公式 e^{iθ}=cosθ+i·sinθ 把三角函数和复数统一起来（公式3）,欧拉公式与旋转向量\n\n用正弦或余弦函数展开信号虽然直观，但计算和处理时常显繁琐。\n为了更统一、高效地进行数学描述，有必要引入欧拉公式\n（Euler's Formula，公式3）：\n\n  e^{iθ} = cosθ + i·sinθ\n\n这个优美的公式是单位圆的指数描述形式。式中复数 e^{iθ} 在复\n平面上对应单位圆上的向量，实部 cosθ 和虚部的实数系数 sinθ\n分别等于该向量在实轴和虚轴上的正交投影分量（图2-8a）。\n\n当赋予角度θ以时间的含义（θ=ωt），则可用于描述复平面上以角\n速度ω绕原点匀速旋转的单位向量（公式4）：\n  e^{+iωt} = cos(ωt) + i·sin(ωt)\n  e^{-iωt} = cos(ωt) - i·sin(ωt)\n\n向量的旋转方向由ω的符号决定：正频率=逆时针，负频率=顺时针。\n\n左侧图——复平面与三角函数投影：\n• 8个彩色箭头标注了0°~180°的正频率向量\n• 虚线箭头为对应负频率向量\n• sinθ投影（绿色）和cosθ投影（橙色）展示了复平面向量的端点\n  如何映射到三角函数曲线上\n\n右侧图——3D螺旋线可视化：\n• 蓝色螺旋=正频率 e^{+iθ}，在(z=0)平面投影为单位圆\n• 灰色螺旋=负频率 e^{-iθ}，与正频率镜面对称\n• y=2平面（橙色）=实部投影，x=-2平面（绿色）=虚部投影\n• 螺旋线与其投影之间的连接虚线展示对应关系\n\n欧拉公式建立了三角实函数与复指数函数之间的桥梁，是后续理解\n傅里叶变换复数形式的数学基础。,核心要点：\n• 欧拉公式 e^{iθ}=cosθ+i·sinθ（公式3），数学中最优美的公式之一\n• 复数 e^{iθ} 对应复平面上单位圆上的向量\n• 赋予θ时间含义：e^{iωt} 描述角速度ω绕原点旋转的单位向量（公式4）\n• 正频率（+ω）=逆时针旋转，负频率（-ω）=顺时针旋转\n• 实部cosθ=实轴投影（可观测），虚部sinθ=虚轴投影（正交分量）\n• 左侧图展示复平面上的向量及三角函数投影\n• 右侧3D螺旋线展示 e^{iθ} 在三维空间（实部×虚部×时间）的轨迹\n• 欧拉公式将三角函数统一为指数形式，大幅简化傅里叶分析的数学表达
6,复指数形式与正负频率,操作说明：\n1. 先看第一行（时域信号）：周期方波→单个矩形脉冲→高斯信号\n2. 看第二行（双边谱）：子图4离散线谱(FS)→子图5连续sinc(FT)→子图6高斯FT\n3. 重点对比子图4↔子图5：离散→连续，这是T→∞时FS→FT的本质变化\n4. 看第三行（单边谱）：只显示f≥0，幅度×2（直流除外）\n5. 观察子图6：高斯函数的FT仍是高斯——自相似性的特例\n6. 理解：周期信号→离散谱(级数)，非周期信号→连续谱(变换),"复指数形式与正负频率\n\n所有物理上可直接测定的信号都是实数。基于欧拉公式所揭示的\n复平面旋转关系，我们能够以全新视角认识这些实信号。\n\n将公式4所示的一对旋转方向相反的欧拉公式向量相加除以2，可\n以得到余弦函数（公式5）：\n  (1/2)(e^{+iωt} + e^{-iωt}) = cos(ωt)\n\n该公式在几何上意味着：一个在实轴上振动的简谐运动，等价于复\n平面上一对长度1/2的向量，分别以角速度ω向相反方向旋转。\n由此，我们触及到了信号分析中的一个核心概念：正频率（+ω，\n逆时针旋转）、负频率（-ω，顺时针旋转）。\n\n物理上可测的实信号，在频率轴正负两侧同时展现的频谱称为\n「双边频谱」（Double-Sided Spectrum）。它具有简洁性、完整性\n与物理诠释便利的优势，在PFT-NMR及相关信号处理领域被广泛采用。\n\n本页3×3布局对照FS与FT：\n\n第一行——时域信号：周期方波（T=2π, τ=T/2）、单个矩形脉冲、\n高斯信号 g(t)=exp(-t²/(2σ²))。\n\n第二行——双边频谱（含负频率，数学完整形式）：\n子图4：周期方波的FS离散谱，c_n=(τ/T)·sinc(nτ/T)，黑色虚线\n为sinc包络。子图5：单个脉冲的FT连续谱 F(ω)=τ·sinc(ωτ/2)。\n子图6：高斯FT仍是高斯——σ越大时域越宽→频域越窄。\n\n当公式6中周期 T→∞ 时，基频 ω₀→0，相邻频率间隔趋于无穷小，\n离散频率 nω₀ 逐渐填满整个实数轴成为连续频率 ω，求和转化为\n积分，系数 C_n 演变为连续函数 F(ω)——这就是 FT 公式的由来。\n\n第三行——单边频谱（f≥0，物理可测量）：幅度为双边谱2倍\n（n=0或f=0处直流除外，保持原值）。工程上常使用单边谱，\n但底层算法始终是双边运算。",核心要点：\n• 实数信号的复指数表示：cos(ωt)=(1/2)(e^{+iωt}+e^{-iωt})（公式5）\n• 正频率（+ω，逆时针）和负频率（-ω，顺时针）共同构成实信号\n• 双边频谱：数学完整形式，振幅偶对称、相位奇对称，PFT-NMR广泛采用\n• 傅里叶级数（FS）：周期信号→离散频谱（公式6，C_n 复数系数）\n• 傅里叶变换（FT）：非周期信号→连续频谱（公式7，F(ω)连续函数）\n• 从FS到FT：T→∞时ω₀→0，离散谱线填满→连续包络\n• 单边谱：f≥0，幅度×2（直流除外），底层算法始终是双边运算\n• 高斯函数FT仍是高斯——σ越大时域越宽→频域越窄
7,傅里叶变换的运算原理,操作说明：\n1. 左列——理解正向变换（公式7a FFT）：f(t)×e^{-iωt}→积分→F(ω)\n   子图1=原始矩形脉冲，子图4=不匹配频率 ω=2（积分为零=零点）\n   子图7=匹配频率 ω=0（积分最大=脉冲面积τ）\n2. 中列——核函数（旋转探针）：蓝(ω=1)、红(ω=2)、黄(ω=3)三种螺旋\n   核函数 e^{-iωt} 含负号→顺时针旋转，代表一整套探测信号的探针\n3. 右列——频谱与反向合成：子图3=频谱F(ω)，子图9=用6个频率分量重建\n4. 核心思想：正向变换=用探针试探信号（内积=匹配度），反向变换=合成重建,"傅里叶变换的运算原理\n\n傅里叶变换对（公式7）：\n  F(ω) = ∫f(t)·e^{-iωt}·dt       （正变换，FFT，公式7a）\n  f(t) = (1/2π)∫F(ω)·e^{+iωt}·dω  （逆变换，IFFT，公式7b）\n\n变换式中的 e^{-iωt} 与 e^{+iωt} 被称为核函数，是傅里叶变换的\n核心工具，代表一整套由不同频率ω构成的、用于探测信号的\n「旋转探针」。\n\n本页3×3布局展示正向变换·核函数·反向合成的完整过程。\n\n左列——正向变换（用探针试探信号）：\n子图1：矩形脉冲 f(t)，宽度τ=π。\n子图4（不匹配ω=2，sinc零点）：红线=乘积实部 f(t)·cos(2t)，\n绿线=乘积虚部 f(t)·(-sin(2t))。在一个脉冲宽度内实部和虚部\n都经历了完整振荡，正负面积相消→积分=0→F(2)=0。这就是\nsinc函数零点的物理来源！\n子图7（匹配ω=0，直流分量）：e^{-i·0·t}=1，乘积=f(t)本身。\n蓝色填充=积分面积=脉冲面积=τ，是F(ω)的最大值处。\n\n中列——核函数库（旋转探针，占据子图2+5+8）：\n三种频率的核函数在3D空间的螺旋线：蓝色(ω=1)、红色(ω=2)、\n黄色(ω=3)。核函数 e^{-iωt}=cos(ωt)-i·sin(ωt)，虚部符号为负\n→顺时针旋转（与步骤5的 e^{+iθ} 方向相反）。\n\n右列——频谱与反向合成：\n子图3：F(ω)=τ·sinc(ω/2)，标注ω=0,1,2,3处取值。负的F(ω)\n对应相位=π的分量。\n子图9：用ω=0~5共6个频率分量反向合成，已能大致恢复脉冲形状。\n\n正向变换的本质：用一套旋转探针，把信号分解成各个频率的复振幅\n（幅度+相位）。逆变换则相反：把F(ω)乘上逆时针探针、积分，\n重新合成出原始信号。正反向变换核的选定取决于学科习惯，但\n一旦选定，正逆变换必须成对出现。",核心要点：\n• 傅里叶变换对（公式7）：F(ω)=∫f(t)e^{-iωt}dt（正），f(t)=(1/2π)∫F(ω)e^{+iωt}dω（逆）\n• 核函数 e^{-iωt} 是一套「旋转探针」，探测信号在各频率的匹配程度\n• 正向变换本质：用探针试探信号，积分=匹配度（相关性）\n• ω匹配时积分最大（直流→脉冲面积τ），ω不匹配→积分=0→频谱零点\n• 核函数 e^{-iωt} 顺时针旋转，与逆变换的 e^{+iωt} 成对出现\n• 连续FT的核函数在数学上连续，实际计算用有限离散点→DFT\n• 正逆变换必须成对出现：选定正向核符号后，逆向核符号随之确定
8,采样定理——完全采样与混叠,"操作说明：\n1. 先看子图1——连续正弦波(f₀=3Hz)按fs=8Hz采样：红点为采样点，""fs>2f₀""满足采样定理\n2. 看子图2——采样后的频谱以fs为周期延拓，各副本互不重叠，可无失真还原\n3. 对比子图3——把采样率降到fs=4Hz(<2f₀)：采样点连起来像低频信号，发生混叠\n4. 看子图4——3Hz谱线越过奈奎斯特频率(fs/2=2Hz)，折叠到|3−4|=1Hz处\n5. 看子图5——混叠频率关系：真实频率超过fs/2后折返，呈锯齿状\n6. 看子图6——NMR应用：采样间隔dwell决定谱宽SW=1/dwell，超出±SW/2的峰折叠(fold-over)\n7. 点击""采样混叠交互演示""按钮，拖动滑块改变fs与f₀，亲手找到混叠发生的临界点",采样定理——完全采样与混叠\n\n前面所有步骤都默认：我们能取到连续信号在任意时刻的值。但在计算机与\nPFT-NMR中，信号必须被「离散采样」——每隔一个固定时间间隔Δt（称为\n驻留时间 dwell time）取一个点，得到一串数字。采样间隔的倒数 fs=1/Δt\n称为采样频率。问题随之而来：采样多密，才能用这些离散点无失真地重建\n原来的连续信号？\n\n这正是奈奎斯特–香农采样定理（Nyquist–Shannon Sampling Theorem）要回\n答的问题（公式8）：\n  fs > 2·f_max\n含义：采样频率必须大于信号最高频率的两倍，才能由采样点唯一重建原信号。\n其中 2·f_max 称为奈奎斯特速率，fs/2 称为奈奎斯特频率（折叠频率）。\n\n子图1——满足采样定理（fs=8Hz > 2f₀=6Hz）：\n蓝色连续曲线是真实信号 f(t)=sin(2π·3t)，红色圆点是每1/8秒取的样本。\n因为采样足够密，样本点完整刻画了原信号，用理想插值可精确复原蓝色曲线\n——没有信息丢失。\n\n子图2——采样信号的频谱（周期延拓）：\n时域采样等价于频域「周期延拓」：原频谱 F(ω) 以采样频率 fs 为间隔不断\n复制（公式9）。fs>2f_max 时各副本互不重叠，用低通滤波器取出中间那一份\n即可还原原信号。\n\n子图3——欠采样导致混叠（fs=4Hz < 2f₀=6Hz）：\n仍然每1/4秒取点。此时样本点恰好落在一个1Hz正弦波上——从这些样本根本\n无法分辨它来自3Hz还是1Hz。3Hz成分「伪装」成了1Hz，这就是混叠（aliasing）。\n\n子图4——混叠的频域解释：\nfs=4Hz时奈奎斯特频率只有2Hz。3Hz的谱线超出 ±2Hz 范围，在周期延拓时与\n相邻副本重叠，折叠到 |3−4|=1Hz 处。频率 f 经采样后的表现频率（别名频率）\n为（公式10）：\n  f_alias = |f − round(f/fs)·fs|\n\n子图5——混叠频率关系（锯齿图）：\n横轴为真实频率 f，纵轴为采样后观察到的频率。在 0~fs/2 内一一对应（可\n正确测量）；超过 fs/2 后折返，f 与 fs−f、fs+f … 无法区分。只要信号频率\n落在阴影区（<fs/2）内，就不会发生混叠。\n\n子图6——NMR中的采样与谱宽：\n在PFT-NMR中，采样间隔即驻留时间 dwell，采样率 fs=1/dwell 直接决定谱宽\n（Spectral Width）SW=fs，可无混叠观测的频率范围为 ±SW/2。若某共振峰\n超出 ±SW/2，它不会消失，而是从另一端「折返」进来，出现在错误位置——\n称为折叠（fold-over）或混叠峰。\n\n工程结论：\n1）采样前必须抗混叠——用模拟低通滤波器限制信号带宽，或提高采样率使\n   fs>2f_max；\n2）NMR中通过设置足够大的谱宽 SW（即缩短 dwell）覆盖所有待测共振频率，\n   再配合数字滤波避免折叠；\n3）欠采样并非总是坏事：折叠成像等MRI技术就主动利用混叠来减少采样量。\n\n一句话记忆：先「限带」，再「够快」采样（fs>2f_max），才能无混叠。,核心要点：\n• 采样定理（公式8）：fs > 2·f_max，才能由采样点无失真重建原信号\n• 奈奎斯特频率 = fs/2（折叠频率）；奈奎斯特速率 = 2·f_max\n• 时域采样 ⇔ 频域周期延拓（公式9）：频谱以 fs 为间隔复制\n• 副本不重叠 ⇔ fs>2f_max ⇒ 无混叠；副本重叠 ⇒ 混叠\n• 混叠(aliasing)：高频成分「伪装」成低频，f_alias=|f−round(f/fs)·fs|（公式10）\n• NMR：dwell=采样间隔，SW=1/dwell=fs，无混叠范围 ±SW/2；超出则 fold-over 折叠\n• 防混叠：限带 + 足够快采样（抗混叠滤波器 / 增大谱宽 SW）\n• 欠采样可被主动利用（如 MRI 折叠成像），但常规观测必须避免
9,第一次傅里叶变换——射频脉冲,操作说明：\n1. 按行阅读：上行=时域信号，中行=双边谱，下行=单边谱\n2. 子图1→2→3展示从无限周期方波到NMR实际脉冲的递进\n3. 对比子图4和5：无限周期→离散线谱，有限3周期→谱线展宽+旁瓣\n   时域的有限性在频域产生重要影响\n4. 看子图6和9（τ=50μs 实际参数）：激发带宽≈20kHz\n5. 核心关系：Δf ≈ 1/τ —— 脉冲越短，频谱越宽\n6. 思考：脉冲宽度在NMR实验设计中如何选择？,"第一次傅里叶变换——射频脉冲\n\nPFT-NMR中，射频脉冲的作用是在垂直于B₀场的平面内产生一个\n旋转磁场以激发核的共振。脉冲的产生是以载频f₀的等幅射频波为\n基础，以一个间隔时间为PD、持续时间为tp、强度为A的方波进行\n调制而得的射频信号。该脉冲通过傅里叶分解，可表示为由一系列\n以f₀为中心的、频率相差1/PD的射频分量组成的宽频带频谱。\n\n核心关系：脉冲宽度τ与频谱宽度Δf成反比，Δf ≈ 1/τ。\n短脉冲→宽频谱→激发范围大；长脉冲→窄频谱→选择性激发。\n\n本页3×3递进对比：\n\n第一行——时域信号：\n子图1：无限周期方波（T=2π, τ=T/4, d=25%），理论理想模型。\n子图2：有限3周期序列——时域截断将在频域造成重要影响。\n子图3：NMR调制射频脉冲（τ=50μs, 载频400MHz）。\n\n第二行——双边频谱：\n子图4：FS离散谱，sinc包络线由脉冲宽度τ决定，与周期T无关。\n子图5：有限序列谱——与无限周期对比，谱线明显展宽+出现旁瓣。\n这展示了时域有限性在频域的直观后果。\n子图6：实际NMR脉冲频谱（τ=50μs→激发带宽=1000/50=20kHz）。\n\n第三行——单边频谱（对应中行的单边版本）。\n\n关于DFT的一个关键理解：计算机无法处理真正的连续函数，只能\n选取有限个离散频率点——这就是离散傅里叶变换（DFT）。DFT\n假设采集到的有限长离散信号是某个无限长周期信号的一个周期，\n频谱因此呈现离散形式。离散频率的间隔1/ta 并非信号真实的\n物理频率组成，而是计算机观察时所能达到的分辨率极限。","核心要点：\n• PFT-NMR中射频脉冲=等幅射频波×方波包络调制→宽带频谱\n• 核心关系：激发带宽 Δf ≈ 1/τ，脉冲越短频谱越宽\n• 占空比d=τ/T越小→主瓣越宽→能量分布越均匀（宽带激发）\n• 时域有限信号在DFT计算中呈现离散频谱——离散频率间隔1/ta是分辨率极限\n• 子图4(无限周期)→子图5(有限3周期)：时域截断→谱线展宽+旁瓣\n• 子图6实际参数：τ=50μs→激发带宽≈20kHz\n• 13C NMR典型参数：tp=10~50μs, ta=1~5s，占空比极小"
10,第二次傅里叶变换——FID信号,"操作说明：\n1. 看子图1——单一频率FID（f=3Hz, T2*=1.5s）\n   找到黑色竖虚线（标注周期T≈0.333s）和绿色竖虚线（T2*=1.5s）\n   观察红色包络线如何定义衰减速率\n2. 看子图2——FFT频谱，X轴反向（NMR惯例）\n   粉色横线标注FWHM≈0.212Hz，FWHM=1/(π·T2*)\n3. 子图3→4：三个频率叠加的FID很复杂，傅里叶变换后频谱清晰分离\n4. 子图5→6：乙醇的完整NMR模拟\n   子图5中8个频率的FID极度复杂，子图6的NMR谱可清晰解读\n5. 全流程：射频激发→采集FID(时域)→傅里叶变换→NMR谱(频域)","第二次傅里叶变换——自由衰减信号（FID）\n\nFID是由跃迁至高能态的磁性核通过弛豫机制释放能量过程中产生\n的、随时间衰减的信号，属于时域函数 f(t)，可通过傅里叶变换\n转变为频域函数 F(ω)——即我们熟悉的NMR谱。\n\n由于绝对频率（如400.0002 MHz）过于巨大无法在时域中直接观察，\n实际采集的是下变频后的差频信号，因此FID显示的是相对于参考\n频率的偏移频率。\n\n子图1——单一频率FID（f=3Hz, T2*=1.5s）：\n蓝色：f(t)=e^{-t/T2*}·cos(2π·3·t)；红色虚线：包络±e^{-t/T2*}\n从FID中可直接读取三个重要信息：\n1）共振频率f：通过信号峰间距T的倒数计算，f=1/T≈3Hz\n2）衰减时间T2*：包络第一次降至起始强度1/e的时间，T2*=1.5s\n   T2*与NMR谱线宽度严格成反比：1/T2*=1/T2+1/T2(inhomo)\n3）信号能量：E=∫f²dt，正比于NMR谱的峰面积\n\n子图2——FID的傅里叶变换（单频频谱）：\nX轴反向（NMR惯例：高频在左）。FWHM=1/(π·T2*)≈0.212Hz——\n衰减越快，谱线越宽。\n\n子图3-4——三频率叠加FID及其频谱：\nf=3,7,21Hz。时域波形复杂但频谱清晰分离——展示了FT的解析能力。\n\n子图5-6——乙醇NMR谱模拟（30MHz谱仪）：\n甲基 CH3(δ1.20→36Hz, J=7Hz三重峰, 1:2:1)\n亚甲基 CH2(δ3.60→108Hz, J=7Hz四重峰, 1:3:3:1)\n羟基 OH(δ5.0→150Hz, 宽单峰)\n共8个频率分量。从复杂FID到清晰NMR谱——傅里叶变换是桥梁。\n\n（注：模拟低磁场仪器以避免信号过于密集影响展示）",核心要点：\n• FID（自由感应衰减）=射频脉冲激发后采集的时域衰减振荡信号\n• 实际采集的是下变频后的差频信号（相对参考频率的偏移）\n• 从FID可直接获取：f=1/T（共振频率）、T2*（衰减至1/e的时间）、E=∫f²dt（能量）\n• T2*与谱线宽度严格成反比：FWHM=1/(π·T2*)\n• 多个频率的FID在时域杂乱，傅里叶变换后在频域清晰可辨\n• 乙醇NMR模拟：8个频率分量（甲基三重峰+亚甲基四重峰+羟基单峰）\n• NMR全流程：射频脉冲→FID采集(时域)→傅里叶变换→NMR谱(频域)→结构解析
11,总结——傅里叶变换的意义,操作说明：\n1. 回顾步骤1-3：基础概念（时域/频域→傅里叶级数→收敛与吉布斯现象）\n2. 回顾步骤4-5：信号要素与数学工具（频率/振幅/相位→欧拉公式与旋转向量）\n3. 回顾步骤6-7：核心理论（复指数形式与双边谱→FT运算原理与旋转探针）\n4. 回顾步骤8：采样定理（fs>2f_max 完全采样；奈奎斯特频率fs/2；混叠与折叠）\n5. 回顾步骤9-10：PFT-NMR应用（第一次FT射频脉冲→第二次FT的FID信号）\n6. 串联知识链：方波分解(步骤2)→欧拉公式(步骤5)→FT变换对(步骤7)→\n   采样定理(步骤8)→射频脉冲(步骤9)→FID采集(步骤10)→NMR谱\n7. 反思：傅里叶分析如何改变了你看待信号的方式？,总结——傅里叶变换的意义\n\n傅里叶变换是数学、物理领域的重要工具，也是PFT-NMR等波谱测定的\n理论基础。\n\n第一部分——基础概念（步骤1-3）：\n时域函数 f(t) 与频域函数 F(ω) 的变换关系 f(t)↔F(ω) 是理解傅里叶\n分析的起点。方波的傅里叶级数（公式1）展示了周期信号如何分解为谐波\n序列。吉布斯现象则揭示了光滑函数逼近间断函数时的本质局限。\n\n第二部分——信号要素与数学工具（步骤4-5）：\n频率组成、振幅、相位是构成信号的三大要素。相位调整不影响幅度分布\n但改变频率分量的时间起始位置——在脉冲序列设计中极为关键。欧拉公式\n（公式3）建立了三角函数与复指数的桥梁。\n\n第三部分——核心理论（步骤6-7）：\n公式5揭示了实信号的本质：一对反向旋转的复指数向量。双边频谱是数学\n的完整表达。当周期T→∞时，FS的离散谱过渡为FT的连续函数（公式7），\n核函数 e^{-iωt} 作为「旋转探针」逐频率探测信号。\n\n第四部分——采样与数字化（步骤8）：\n真实信号是连续的，而计算机与PFT-NMR只能处理离散采样点。采样定理\n（公式8）给出无失真采样的条件 fs>2f_max：时域采样使频谱以 fs 为周期\n延拓（公式9）；当 fs<2f_max 时副本重叠，产生混叠（公式10）。在NMR中\ndwell 决定谱宽 SW=1/dwell，超出 ±SW/2 的峰会折叠(fold-over)。因此\n「先限带、再足够快采样」是数字化的前提，也是前面所有频谱图成立的基础。\n\n第五部分——PFT-NMR应用（步骤9-10）：\n射频脉冲（第一次FT，Δf≈1/τ）激发核自旋，FID信号（第二次FT）经傅里叶\n变换生成NMR谱。两次FT构成了NMR实验的完整物理链条。\n\n在时域中看起来杂乱无章、变化万千的现象，在频域中可能只是几个恒定\n频率的和谐振动。傅里叶分析教会我们的不仅仅是数学或物理知识，更是\n一种认识世界的方法论。,"核心要点：\n• 傅里叶变换是PFT-NMR等波谱测定的理论基础\n• 级数（FS, 公式1/2-2/2-6）：周期信号→离散频谱\n• 变换（FT, 公式7）：非周期信号→连续频谱\n• 采样定理（公式8）：fs>2f_max 才能无失真采样；奈奎斯特频率=fs/2\n• 时域采样 ⇔ 频域周期延拓（公式9），副本重叠即混叠（公式10）\n• 信号三大要素：频率组成 + 振幅 + 相位\n• 欧拉公式（公式3）→实信号=正负频率的复指数叠加（公式5）\n• 核函数=旋转探针：正向变换用e^{-iωt}探测信号，反向用e^{+iωt}合成\n• PFT-NMR的两次FT：射频脉冲（Δf≈1/τ）+ FID信号→NMR谱\n• NMR数字化：dwell→SW=1/dwell，无混叠范围±SW/2，超出则fold-over\n• DFT的离散性：计算机观察的分辨率极限，非物理上的频率离散\n• 哲学启示：复杂表象之下可能隐藏着简洁的频率秩序"
LG,学习指南,傅里叶变换学习指南\n============================\n\n（本教材与 PFT-NMR 傅里叶变换讲解器软件配合使用）\n\n建议学习顺序（共11步）：\n1. 基础概念（步骤1-3）：时域/频域→傅里叶级数→收敛与吉布斯现象\n2. 信号要素与数学工具（步骤4-5）：频率/振幅/相位→欧拉公式与复平面\n3. 核心理论（步骤6-7）：复指数形式与双边谱→FT运算原理与旋转探针\n4. 采样与数字化（步骤8）：采样定理→完全采样条件 fs>2f_max→混叠与折叠\n5. PFT-NMR应用（步骤9-10）：射频脉冲的FT→FID信号的FT\n6. 总结提升（步骤11）：完整总结\n\n关键公式一览：\n• 公式1：方波FS（正弦展开） f(t)=(4/π)Σ sin(nt)/n\n• 公式2：方波FS（余弦展开） g(t)=(4/π)Σ(-1)^((n-1)/2)·cos(nt)/n\n• 公式3：欧拉公式 e^{iθ}=cosθ+i·sinθ\n• 公式4：旋转向量 e^{±iωt}=cos(ωt)±i·sin(ωt)\n• 公式5：实信号的复指数表示 cos(ωt)=(e^{+iωt}+e^{-iωt})/2\n• 公式6：复指数FS g(t)=Σ C_n·e^{inω₀t}\n• 公式7a：傅里叶正变换（FFT）F(ω)=∫f(t)e^{-iωt}dt\n• 公式7b：傅里叶逆变换（IFFT）f(t)=(1/2π)∫F(ω)e^{iωt}dω\n• 公式8：采样定理（Nyquist–Shannon） fs>2·f_max\n• 公式9：采样频谱周期延拓（时域采样⇔频域以fs复制）\n• 公式10：混叠频率 f_alias=|f−round(f/fs)·fs|\n\n关键概念：\n• 周期信号→FS→离散谱 / 非周期信号→FT→连续谱\n• 振幅谱+相位谱=完整信息，频率组成+振幅+相位=信号三大要素\n• 双边频谱：数学完整形式，PFT-NMR广泛采用\n• 核函数=旋转探针：e^{-iωt}探测，e^{+iωt}合成\n• Δf≈1/τ：脉冲越短频谱越宽——直接体现时频对偶性\n• 采样定理：fs>2·f_max 才能无混叠；奈奎斯特频率=fs/2（折叠频率）\n• NMR谱宽：SW=1/dwell，无混叠观测范围±SW/2，超出则fold-over折叠\n• DFT分辨率：离散频率间隔1/ta是计算机观察的分辨率极限\n\n教学建议：\n• 按顺序学习，理解每个步骤的递进关系\n• 关注「级数」和「变换」的区别——从离散到连续的本质变化\n• 将核函数理解为「旋转探针」有助于直观把握FT的运算原理\n• 步骤8是模拟信号数字化的关键一步——务必理解fs>2f_max与混叠，并动手用交互演示体会\n• 步骤9-10是傅里叶变换在NMR中的完整应用——串联理解两次FT\n• 鼓励学生点击动画按钮，动态观察比静态图像更具教学效果\n\n版本信息：傅里叶变换讲解器 v2.1\n基于教材《脉冲傅里叶核磁共振波谱仪的工作原理》\n优化版：调整步骤顺序，优化提示信息，添加动画演示；v2.1 新增「采样定理与混叠」模块,,
